block_height,parent_hash,timestamp,nonce
0,0000000000000000000000000000000000000000000000000000000000000000,1769952901,4468
1,00024ce85c034169fa95ff52a96a192556bc81ee2c2aa776aa4b1df8c9d34274,1769952902,320
2,000bddc599c3fd9c8f513d1557a9824602588cd4e426f149a825632c8bc3752a,1769952903,7928
3,0007afbc3d067ef97c89d8a5de923e0623722693101989c6ccad301b01acf5d0,1769952904,128
4,000706c2a702f5fb509165dacaf96f19a92f9c7622323ffbcf7f7afbed347a7c,1769952905,1804
5,000ed294562e6630fa02e302f5242b5102249173bb41e06cbf023bfed14f0838,1769952996,5914
6,000a7b16ced418fffd675da56a56594015bcf038f02c6133e4e7456e0498f026,1769952907,20
7,000fd228015ee1b4609305f86d7dc6fbfba8775c025c02b78a11d85e1e71ecf5,1769952908,5262
8,000212667f7cd58213bd905a1d15e556e173f7339273ca33e400d189a9847008,1769952909,321
9,000ee1cc1905e5226739a42bd4e5547b092ac33603f186a6e212b5c7c68ba6d1,1769952910,17018
